,,,,,,,,,,,,,,,,,,,,,2023-10-09 15:55:36.769671,a,action:Hisdtory imported!,C:\Users\Administrateur\OneDrive\Desktop\UMS_management\history_file.csv
2023-10-09 15:55:48.555285,a,action:treeview cleared,.!treeview
2023-10-09 15:56:09.577050,a,action:Hisdtory imported!,C:\Users\Administrateur\OneDrive\Desktop\UMS_management\history_file.csv
2023-10-09 15:59:16.890165,a,action:treeview cleared,.!treeview
2023-10-09 15:59:23.784122,a,action:Hisdtory imported!,C:\Users\Administrateur\OneDrive\Desktop\UMS_management\user_actions1.csv
2023-10-10 05:36:18.421437,usernameH:a,action:treeview cleared,.!treeview
2023-10-10 05:36:18.631715,usernameH:a,action:treeview cleared,.!treeview
2023-10-10 05:36:18.832485,usernameH:a,action:treeview cleared,.!treeview
2023-10-10 05:36:24.561363,usernameH:a,action:Hisdtory imported!,C:\Users\Administrateur\OneDrive\Desktop\UMS_management\user_actions1.csv
2023-10-16 16:12:56.126037,usernameH:a,action:treeview cleared,.!treeview
2023-10-16 16:12:56.329178,usernameH:a,action:treeview cleared,.!treeview
2025-12-28 20:01:41.671105,Node added,java
2025-12-28 20:01:54.936490,Subnode added,java1
2025-12-28 20:02:28.785178,Subnode added,java
2025-12-28 20:02:41.290062,Node edited,java2
2025-12-28 20:03:12.758933,Saved Treeview state to C:\Users\Administrateur\OneDrive\Desktop\UMS_management\trees2\java.csv,Treeview
2025-12-28 20:03:15.477615,Saved Treeview state to C:\Users\Administrateur\OneDrive\Desktop\UMS_management\trees2\java.csv,Treeview
2025-12-28 20:27:32.905170,Hisdtory imported!,C:\Users\Administrateur\OneDrive\Desktop\UMS_management\history_file.csv
2025-12-28 20:28:48.772330,treeview cleared,.!treeview
